{"cameraMode":{"drawMode":0,"name":"Shaded","section":"Shading Mode"},"sceneLighting":true,"audioPlay":false,"sceneViewState":{"m_AlwaysRefresh":false,"showFog":true,"showSkybox":true,"showFlares":true,"showImageEffects":true,"showParticleSystems":true,"showVisualEffectGraphs":true,"m_FxEnabled":true},"in2DMode":false,"pivot":{"x":0.9158692955970764,"y":1.1188263893127442,"z":3.167891502380371},"rotation":{"x":-0.018242308869957925,"y":-0.9727910161018372,"z":0.08221214264631272,"w":-0.2158961445093155},"size":0.7806146740913391,"orthographic":false}