{"cameraMode":{"drawMode":0,"name":"Shaded","section":"Shading Mode"},"sceneLighting":true,"audioPlay":false,"sceneViewState":{"m_AlwaysRefresh":false,"showFog":true,"showSkybox":true,"showFlares":true,"showImageEffects":true,"showParticleSystems":true,"showVisualEffectGraphs":true,"m_FxEnabled":true},"in2DMode":false,"pivot":{"x":4.894618034362793,"y":-0.07685571908950806,"z":-0.12229347229003906},"rotation":{"x":-0.015342511236667633,"y":0.9234846830368042,"z":0.03713472932577133,"w":0.3815481960773468},"size":4.9963274002075199,"orthographic":false}