{"cameraMode":{"drawMode":0,"name":"Shaded","section":"Shading Mode"},"sceneLighting":false,"audioPlay":false,"sceneViewState":{"m_AlwaysRefresh":false,"showFog":true,"showSkybox":false,"showFlares":true,"showImageEffects":true,"showParticleSystems":true,"showVisualEffectGraphs":true,"m_FxEnabled":true},"in2DMode":false,"pivot":{"x":26.8078556060791,"y":-6.800218105316162,"z":-39.12009048461914},"rotation":{"x":0.06632521003484726,"y":0.8844828009605408,"z":-0.13260050117969514,"w":0.44241079688072207},"size":0.047607168555259708,"orthographic":false}